title,description,subject,year,semester,branch,university,pages,url
Maths 1....!,Comprehensive notes on calculus and algebra,Mathematics,1st Year,1st Semester,Electrical Engineering,GTU,45,https://cdn.jsdelivr.net/gh/nishant0181/MATE-Notes-Storage@main/sem1/engineering-maths-unit1.pdf
Maths 2,Comprehensive notes on differential equations and linear algebra,Mathematics,2nd Year,2nd Semester,Electrical Engineering,GTU,45,https://cdn.jsdelivr.net/gh/nishant0181/MATE-Notes-Storage@main/sem1/BE01000021.pdf
Physics 1,Detailed notes on mechanics and thermodynamics,Physics,1st Year,1st Semester,Electrical Engineering,GTU,50,https://example.com/physics1-notes
Physics 3,Detailed notes on mechanics and thermodynamics,Physics,1st Year,2nd Semester,Electrical Engineering,GTU,50,https://example.com/physics2-notes
Physics 4,Detailed notes on mechanics and thermodynamics,Physics,1st Year,3rd Semester,Computer Engineering,GTU,50,https://example.com/physics3-notes
Physics 5,Detailed notes on mechanics and thermodynamics,Physics,1st Year,4th Semester,Electrical Engineering,GTU,50,https://example.com/physics4-notes
Physics 6,Detailed notes on mechanics and thermodynamics,Physics,1st Year,5th Semester,Computer Engineering,University of Technology,50,https://example.com/physics5-notes
Physics 7,Detailed notes on mechanics and thermodynamics,Physics,2nd Year,6th Semester,Electrical Engineering,University of Technology,50,https://example.com/physics6-notes
Physics 8,Detailed notes on mechanics and thermodynamics,Physics,1st Year,7th Semester,Electrical Engineering,University of Technology,50,https://example.com/physics7-notes
